[
    {
        "Temperature": 13,
        "Date": "2019-06-05 00:00"
    },
    {
        "Temperature": 12,
        "Date": "2019-06-05 01:00"
    },
    {
        "Temperature": 12,
        "Date": "2019-06-05 02:00"
    },
    {
        "Temperature": 13,
        "Date": "2019-06-05 03:00"
    },
    {
        "Temperature": 13,
        "Date": "2019-06-05 04:00"
    },
    {
        "Temperature": 14,
        "Date": "2019-06-05 05:00"
    },
    {
        "Temperature": 14,
        "Date": "2019-06-05 06:00"
    },
    {
        "Temperature": 13,
        "Date": "2019-06-05 07:00"
    },
    {
        "Temperature": 14,
        "Date": "2019-06-05 08:00"
    },
    {
        "Temperature": 13,
        "Date": "2019-06-05 09:00"
    },
    {
        "Temperature": 15,
        "Date": "2019-06-05 10:00"
    },
    {
        "Temperature": 17,
        "Date": "2019-06-05 11:00"
    },
    {
        "Temperature": 20,
        "Date": "2019-06-05 12:00"
    },
    {
        "Temperature": 23,
        "Date": "2019-06-05 13:00"
    },
    {
        "Temperature": 23,
        "Date": "2019-06-05 14:00"
    },
    {
        "Temperature": 25,
        "Date": "2019-06-05 15:00"
    },
    {
        "Temperature": 24,
        "Date": "2019-06-05 16:00"
    },
    {
        "Temperature": 23,
        "Date": "2019-06-05 17:00"
    },
    {
        "Temperature": 23,
        "Date": "2019-06-05 18:00"
    },
    {
        "Temperature": 22,
        "Date": "2019-06-05 19:00"
    },
    {
        "Temperature": 23,
        "Date": "2019-06-05 20:00"
    },
    {
        "Temperature": 23,
        "Date": "2019-06-05 21:00"
    },
    {
        "Temperature": 20,
        "Date": "2019-06-05 22:00"
    },
    {
        "Temperature": 18,
        "Date": "2019-06-05 23:00"
    }
]