[
    {
        "Temperature": 13,
        "Date": "2019-06-04 00:00"
    },
    {
        "Temperature": 12,
        "Date": "2019-06-04 01:00"
    },
    {
        "Temperature": 12,
        "Date": "2019-06-04 02:00"
    },
    {
        "Temperature": 13,
        "Date": "2019-06-04 03:00"
    },
    {
        "Temperature": 13,
        "Date": "2019-06-04 04:00"
    },
    {
        "Temperature": 14,
        "Date": "2019-06-04 05:00"
    },
    {
        "Temperature": 14,
        "Date": "2019-06-04 06:00"
    },
    {
        "Temperature": 13,
        "Date": "2019-06-04 07:00"
    },
    {
        "Temperature": 14,
        "Date": "2019-06-04 08:00"
    },
    {
        "Temperature": 13,
        "Date": "2019-06-04 09:00"
    },
    {
        "Temperature": 15,
        "Date": "2019-06-04 10:00"
    },
    {
        "Temperature": 17,
        "Date": "2019-06-04 11:00"
    },
    {
        "Temperature": 20,
        "Date": "2019-06-04 12:00"
    },
    {
        "Temperature": 23,
        "Date": "2019-06-04 13:00"
    },
    {
        "Temperature": 23,
        "Date": "2019-06-04 14:00"
    },
    {
        "Temperature": 25,
        "Date": "2019-06-04 15:00"
    },
    {
        "Temperature": 24,
        "Date": "2019-06-04 16:00"
    },
    {
        "Temperature": 23,
        "Date": "2019-06-04 17:00"
    },
    {
        "Temperature": 23,
        "Date": "2019-06-04 18:00"
    },
    {
        "Temperature": 22,
        "Date": "2019-06-04 19:00"
    },
    {
        "Temperature": 23,
        "Date": "2019-06-04 20:00"
    },
    {
        "Temperature": 23,
        "Date": "2019-06-04 21:00"
    },
    {
        "Temperature": 20,
        "Date": "2019-06-04 22:00"
    },
    {
        "Temperature": 18,
        "Date": "2019-06-04 23:00"
    }
]