[
    {
        "Temperature": 13,
        "Date": "2019-05-31 00:00"
    },
    {
        "Temperature": 12,
        "Date": "2019-05-31 01:00"
    },
    {
        "Temperature": 12,
        "Date": "2019-05-31 02:00"
    },
    {
        "Temperature": 13,
        "Date": "2019-05-31 03:00"
    },
    {
        "Temperature": 13,
        "Date": "2019-05-31 04:00"
    },
    {
        "Temperature": 14,
        "Date": "2019-05-31 05:00"
    },
    {
        "Temperature": 14,
        "Date": "2019-05-31 06:00"
    },
    {
        "Temperature": 13,
        "Date": "2019-05-31 07:00"
    },
    {
        "Temperature": 14,
        "Date": "2019-05-31 08:00"
    },
    {
        "Temperature": 13,
        "Date": "2019-05-31 09:00"
    },
    {
        "Temperature": 15,
        "Date": "2019-05-31 10:00"
    },
    {
        "Temperature": 17,
        "Date": "2019-05-31 11:00"
    },
    {
        "Temperature": 20,
        "Date": "2019-05-31 12:00"
    },
    {
        "Temperature": 23,
        "Date": "2019-05-31 13:00"
    },
    {
        "Temperature": 23,
        "Date": "2019-05-31 14:00"
    },
    {
        "Temperature": 25,
        "Date": "2019-05-31 15:00"
    },
    {
        "Temperature": 24,
        "Date": "2019-05-31 16:00"
    },
    {
        "Temperature": 23,
        "Date": "2019-05-31 17:00"
    },
    {
        "Temperature": 23,
        "Date": "2019-05-31 18:00"
    },
    {
        "Temperature": 22,
        "Date": "2019-05-31 19:00"
    },
    {
        "Temperature": 23,
        "Date": "2019-05-31 20:00"
    },
    {
        "Temperature": 23,
        "Date": "2019-05-31 21:00"
    },
    {
        "Temperature": 20,
        "Date": "2019-05-31 22:00"
    },
    {
        "Temperature": 18,
        "Date": "2019-05-31 23:00"
    }
]