[
    {
        "Temperature": 13,
        "Date": "2019-06-03 00:00"
    },
    {
        "Temperature": 12,
        "Date": "2019-06-03 01:00"
    },
    {
        "Temperature": 12,
        "Date": "2019-06-03 02:00"
    },
    {
        "Temperature": 13,
        "Date": "2019-06-03 03:00"
    },
    {
        "Temperature": 13,
        "Date": "2019-06-03 04:00"
    },
    {
        "Temperature": 14,
        "Date": "2019-06-03 05:00"
    },
    {
        "Temperature": 14,
        "Date": "2019-06-03 06:00"
    },
    {
        "Temperature": 13,
        "Date": "2019-06-03 07:00"
    },
    {
        "Temperature": 14,
        "Date": "2019-06-03 08:00"
    },
    {
        "Temperature": 13,
        "Date": "2019-06-03 09:00"
    },
    {
        "Temperature": 15,
        "Date": "2019-06-03 10:00"
    },
    {
        "Temperature": 17,
        "Date": "2019-06-03 11:00"
    },
    {
        "Temperature": 20,
        "Date": "2019-06-03 12:00"
    },
    {
        "Temperature": 23,
        "Date": "2019-06-03 13:00"
    },
    {
        "Temperature": 23,
        "Date": "2019-06-03 14:00"
    },
    {
        "Temperature": 25,
        "Date": "2019-06-03 15:00"
    },
    {
        "Temperature": 24,
        "Date": "2019-06-03 16:00"
    },
    {
        "Temperature": 23,
        "Date": "2019-06-03 17:00"
    },
    {
        "Temperature": 23,
        "Date": "2019-06-03 18:00"
    },
    {
        "Temperature": 22,
        "Date": "2019-06-03 19:00"
    },
    {
        "Temperature": 23,
        "Date": "2019-06-03 20:00"
    },
    {
        "Temperature": 23,
        "Date": "2019-06-03 21:00"
    },
    {
        "Temperature": 20,
        "Date": "2019-06-03 22:00"
    },
    {
        "Temperature": 18,
        "Date": "2019-06-03 23:00"
    }
]