[
    {
        "Temperature": 13,
        "Date": "2019-06-01 00:00"
    },
    {
        "Temperature": 12,
        "Date": "2019-06-01 01:00"
    },
    {
        "Temperature": 12,
        "Date": "2019-06-01 02:00"
    },
    {
        "Temperature": 13,
        "Date": "2019-06-01 03:00"
    },
    {
        "Temperature": 13,
        "Date": "2019-06-01 04:00"
    },
    {
        "Temperature": 14,
        "Date": "2019-06-01 05:00"
    },
    {
        "Temperature": 14,
        "Date": "2019-06-01 06:00"
    },
    {
        "Temperature": 13,
        "Date": "2019-06-01 07:00"
    },
    {
        "Temperature": 12,
        "Date": "2019-06-01 08:00"
    },
    {
        "Temperature": 13,
        "Date": "2019-06-01 09:00"
    },
    {
        "Temperature": 14,
        "Date": "2019-06-01 10:00"
    },
    {
        "Temperature": 16,
        "Date": "2019-06-01 11:00"
    },
    {
        "Temperature": 20,
        "Date": "2019-06-01 12:00"
    },
    {
        "Temperature": 23,
        "Date": "2019-06-01 13:00"
    },
    {
        "Temperature": 23,
        "Date": "2019-06-01 14:00"
    },
    {
        "Temperature": 23,
        "Date": "2019-06-01 15:00"
    },
    {
        "Temperature": 24,
        "Date": "2019-06-01 16:00"
    },
    {
        "Temperature": 23,
        "Date": "2019-06-01 17:00"
    },
    {
        "Temperature": 24,
        "Date": "2019-06-01 18:00"
    },
    {
        "Temperature": 22,
        "Date": "2019-06-01 19:00"
    },
    {
        "Temperature": 24,
        "Date": "2019-06-01 20:00"
    },
    {
        "Temperature": 23,
        "Date": "2019-06-01 21:00"
    },
    {
        "Temperature": 20,
        "Date": "2019-06-01 22:00"
    },
    {
        "Temperature": 18,
        "Date": "2019-06-01 23:00"
    }
]