[
    {
        "Temperature": 11,
        "Date": "2019-05-30 00:00"
    },
    {
        "Temperature": 10,
        "Date": "2019-05-30 01:00"
    },
    {
        "Temperature": 13,
        "Date": "2019-05-30 02:00"
    },
    {
        "Temperature": 13,
        "Date": "2019-05-30 03:00"
    },
    {
        "Temperature": 12,
        "Date": "2019-05-30 04:00"
    },
    {
        "Temperature": 13,
        "Date": "2019-05-30 05:00"
    },
    {
        "Temperature": 12,
        "Date": "2019-05-30 06:00"
    },
    {
        "Temperature": 12,
        "Date": "2019-05-30 07:00"
    },
    {
        "Temperature": 14,
        "Date": "2019-05-30 08:00"
    },
    {
        "Temperature": 16,
        "Date": "2019-05-30 09:00"
    },
    {
        "Temperature": 18,
        "Date": "2019-05-30 10:00"
    },
    {
        "Temperature": 17,
        "Date": "2019-05-30 11:00"
    },
    {
        "Temperature": 20,
        "Date": "2019-05-30 12:00"
    },
    {
        "Temperature": 22,
        "Date": "2019-05-30 13:00"
    },
    {
        "Temperature": 21,
        "Date": "2019-05-30 14:00"
    },
    {
        "Temperature": 23,
        "Date": "2019-05-30 15:00"
    },
    {
        "Temperature": 22,
        "Date": "2019-05-30 16:00"
    },
    {
        "Temperature": 25,
        "Date": "2019-05-30 17:00"
    },
    {
        "Temperature": 24,
        "Date": "2019-05-30 18:00"
    },
    {
        "Temperature": 25,
        "Date": "2019-05-30 19:00"
    },
    {
        "Temperature": 26,
        "Date": "2019-05-30 20:00"
    },
    {
        "Temperature": 23,
        "Date": "2019-05-30 21:00"
    },
    {
        "Temperature": 21,
        "Date": "2019-05-30 22:00"
    },
    {
        "Temperature": 16,
        "Date": "2019-05-30 23:00"
    }
]