[
    {
        "Temperature": 13,
        "Date": "2019-06-02 00:00"
    },
    {
        "Temperature": 12,
        "Date": "2019-06-02 01:00"
    },
    {
        "Temperature": 12,
        "Date": "2019-06-02 02:00"
    },
    {
        "Temperature": 13,
        "Date": "2019-06-02 03:00"
    },
    {
        "Temperature": 13,
        "Date": "2019-06-02 04:00"
    },
    {
        "Temperature": 14,
        "Date": "2019-06-02 05:00"
    },
    {
        "Temperature": 14,
        "Date": "2019-06-02 06:00"
    },
    {
        "Temperature": 13,
        "Date": "2019-06-02 07:00"
    },
    {
        "Temperature": 14,
        "Date": "2019-06-02 08:00"
    },
    {
        "Temperature": 13,
        "Date": "2019-06-02 09:00"
    },
    {
        "Temperature": 15,
        "Date": "2019-06-02 10:00"
    },
    {
        "Temperature": 17,
        "Date": "2019-06-02 11:00"
    },
    {
        "Temperature": 20,
        "Date": "2019-06-02 12:00"
    },
    {
        "Temperature": 23,
        "Date": "2019-06-02 13:00"
    },
    {
        "Temperature": 23,
        "Date": "2019-06-02 14:00"
    },
    {
        "Temperature": 25,
        "Date": "2019-06-02 15:00"
    },
    {
        "Temperature": 24,
        "Date": "2019-06-02 16:00"
    },
    {
        "Temperature": 23,
        "Date": "2019-06-02 17:00"
    },
    {
        "Temperature": 23,
        "Date": "2019-06-02 18:00"
    },
    {
        "Temperature": 22,
        "Date": "2019-06-02 19:00"
    },
    {
        "Temperature": 23,
        "Date": "2019-06-02 20:00"
    },
    {
        "Temperature": 23,
        "Date": "2019-06-02 21:00"
    },
    {
        "Temperature": 20,
        "Date": "2019-06-02 22:00"
    },
    {
        "Temperature": 18,
        "Date": "2019-06-02 23:00"
    }
]