[
    {
        "Humidity": 70,
        "Date": "2019-06-01 00:00"
    },
    {
        "Humidity": 75,
        "Date": "2019-06-01 01:00"
    },
    {
        "Humidity": 75,
        "Date": "2019-06-01 02:00"
    },
    {
        "Humidity": 70,
        "Date": "2019-06-01 03:00"
    },
    {
        "Humidity": 73,
        "Date": "2019-06-01 04:00"
    },
    {
        "Humidity": 80,
        "Date": "2019-06-01 05:00"
    },
    {
        "Humidity": 78,
        "Date": "2019-06-01 06:00"
    },
    {
        "Humidity": 85,
        "Date": "2019-06-01 07:00"
    },
    {
        "Humidity": 90,
        "Date": "2019-06-01 08:00"
    },
    {
        "Humidity": 85,
        "Date": "2019-06-01 09:00"
    },
    {
        "Humidity": 83,
        "Date": "2019-06-01 10:00"
    },
    {
        "Humidity":60,
        "Date": "2019-06-01 11:00"
    },
    {
        "Humidity": 65,
        "Date": "2019-06-01 12:00"
    },
    {
        "Humidity": 68,
        "Date": "2019-06-01 13:00"
    },
    {
        "Humidity": 60,
        "Date": "2019-06-01 14:00"
    },
    {
        "Humidity": 45,
        "Date": "2019-06-01 15:00"
    },
    {
        "Humidity": 47,
        "Date": "2019-06-01 16:00"
    },
    {
        "Humidity": 43,
        "Date": "2019-06-01 17:00"
    },
    {
        "Humidity": 56,
        "Date": "2019-06-01 18:00"
    },
    {
        "Humidity": 68,
        "Date": "2019-06-01 19:00"
    },
    {
        "Humidity": 67,
        "Date": "2019-06-01 20:00"
    },
    {
        "Humidity": 73,
        "Date": "2019-06-01 21:00"
    },
    {
        "Humidity": 78,
        "Date": "2019-06-01 22:00"
    },
    {
        "Humidity": 74,
        "Date": "2019-06-01 23:00"
    }
]