[
    {
        "Humidity": 70,
        "Date": "2019-06-05 00:00"
    },
    {
        "Humidity": 72,
        "Date": "2019-06-05 01:00"
    },
    {
        "Humidity": 74,
        "Date": "2019-06-05 02:00"
    },
    {
        "Humidity": 76,
        "Date": "2019-06-05 03:00"
    },
    {
        "Humidity": 75,
        "Date": "2019-06-05 04:00"
    },
    {
        "Humidity": 80,
        "Date": "2019-06-05 05:00"
    },
    {
        "Humidity": 84,
        "Date": "2019-06-05 06:00"
    },
    {
        "Humidity": 86,
        "Date": "2019-06-05 07:00"
    },
    {
        "Humidity": 87,
        "Date": "2019-06-05 08:00"
    },
    {
        "Humidity": 83,
        "Date": "2019-06-05 09:00"
    },
    {
        "Humidity": 83,
        "Date": "2019-06-05 10:00"
    },
    {
        "Humidity":65,
        "Date": "2019-06-05 11:00"
    },
    {
        "Humidity": 67,
        "Date": "2019-06-05 12:00"
    },
    {
        "Humidity": 65,
        "Date": "2019-06-05 13:00"
    },
    {
        "Humidity": 66,
        "Date": "2019-06-05 14:00"
    },
    {
        "Humidity": 47,
        "Date": "2019-06-05 15:00"
    },
    {
        "Humidity": 43,
        "Date": "2019-06-05 16:00"
    },
    {
        "Humidity": 48,
        "Date": "2019-06-05 17:00"
    },
    {
        "Humidity": 50,
        "Date": "2019-06-05 18:00"
    },
    {
        "Humidity": 55,
        "Date": "2019-06-05 19:00"
    },
    {
        "Humidity": 58,
        "Date": "2019-06-05 20:00"
    },
    {
        "Humidity": 73,
        "Date": "2019-06-05 21:00"
    },
    {
        "Humidity": 77,
        "Date": "2019-06-05 22:00"
    },
    {
        "Humidity": 74,
        "Date": "2019-06-05 23:00"
    }
]