[
    {
        "Humidity": 70,
        "Date": "2019-06-02 00:00"
    },
    {
        "Humidity": 75,
        "Date": "2019-06-02 01:00"
    },
    {
        "Humidity": 75,
        "Date": "2019-06-02 02:00"
    },
    {
        "Humidity": 70,
        "Date": "2019-06-02 03:00"
    },
    {
        "Humidity": 73,
        "Date": "2019-06-02 04:00"
    },
    {
        "Humidity": 80,
        "Date": "2019-06-02 05:00"
    },
    {
        "Humidity": 78,
        "Date": "2019-06-02 06:00"
    },
    {
        "Humidity": 85,
        "Date": "2019-06-02 07:00"
    },
    {
        "Humidity": 90,
        "Date": "2019-06-02 08:00"
    },
    {
        "Humidity": 85,
        "Date": "2019-06-02 09:00"
    },
    {
        "Humidity": 83,
        "Date": "2019-06-02 10:00"
    },
    {
        "Humidity":60,
        "Date": "2019-06-02 11:00"
    },
    {
        "Humidity": 65,
        "Date": "2019-06-02 12:00"
    },
    {
        "Humidity": 68,
        "Date": "2019-06-02 13:00"
    },
    {
        "Humidity": 60,
        "Date": "2019-06-02 14:00"
    },
    {
        "Humidity": 45,
        "Date": "2019-06-02 15:00"
    },
    {
        "Humidity": 47,
        "Date": "2019-06-02 16:00"
    },
    {
        "Humidity": 43,
        "Date": "2019-06-02 17:00"
    },
    {
        "Humidity": 56,
        "Date": "2019-06-02 18:00"
    },
    {
        "Humidity": 68,
        "Date": "2019-06-02 19:00"
    },
    {
        "Humidity": 67,
        "Date": "2019-06-02 20:00"
    },
    {
        "Humidity": 73,
        "Date": "2019-06-02 21:00"
    },
    {
        "Humidity": 78,
        "Date": "2019-06-02 22:00"
    },
    {
        "Humidity": 74,
        "Date": "2019-06-02 23:00"
    }
]