[
    {
        "Humidity": 70,
        "Date": "2019-06-04 00:00"
    },
    {
        "Humidity": 75,
        "Date": "2019-06-04 01:00"
    },
    {
        "Humidity": 75,
        "Date": "2019-06-04 02:00"
    },
    {
        "Humidity": 70,
        "Date": "2019-06-04 03:00"
    },
    {
        "Humidity": 73,
        "Date": "2019-06-04 04:00"
    },
    {
        "Humidity": 80,
        "Date": "2019-06-04 05:00"
    },
    {
        "Humidity": 78,
        "Date": "2019-06-04 06:00"
    },
    {
        "Humidity": 85,
        "Date": "2019-06-04 07:00"
    },
    {
        "Humidity": 90,
        "Date": "2019-06-04 08:00"
    },
    {
        "Humidity": 85,
        "Date": "2019-06-04 09:00"
    },
    {
        "Humidity": 83,
        "Date": "2019-06-04 10:00"
    },
    {
        "Humidity":60,
        "Date": "2019-06-04 11:00"
    },
    {
        "Humidity": 65,
        "Date": "2019-06-04 12:00"
    },
    {
        "Humidity": 68,
        "Date": "2019-06-04 13:00"
    },
    {
        "Humidity": 60,
        "Date": "2019-06-04 14:00"
    },
    {
        "Humidity": 45,
        "Date": "2019-06-04 15:00"
    },
    {
        "Humidity": 47,
        "Date": "2019-06-04 16:00"
    },
    {
        "Humidity": 43,
        "Date": "2019-06-04 17:00"
    },
    {
        "Humidity": 56,
        "Date": "2019-06-04 18:00"
    },
    {
        "Humidity": 68,
        "Date": "2019-06-04 19:00"
    },
    {
        "Humidity": 67,
        "Date": "2019-06-04 20:00"
    },
    {
        "Humidity": 73,
        "Date": "2019-06-04 21:00"
    },
    {
        "Humidity": 78,
        "Date": "2019-06-04 22:00"
    },
    {
        "Humidity": 74,
        "Date": "2019-06-04 23:00"
    }
]