[
    {
        "Humidity": 70,
        "Date": "2019-06-03 00:00"
    },
    {
        "Humidity": 75,
        "Date": "2019-06-03 01:00"
    },
    {
        "Humidity": 75,
        "Date": "2019-06-03 02:00"
    },
    {
        "Humidity": 70,
        "Date": "2019-06-03 03:00"
    },
    {
        "Humidity": 73,
        "Date": "2019-06-03 04:00"
    },
    {
        "Humidity": 80,
        "Date": "2019-06-03 05:00"
    },
    {
        "Humidity": 78,
        "Date": "2019-06-03 06:00"
    },
    {
        "Humidity": 85,
        "Date": "2019-06-03 07:00"
    },
    {
        "Humidity": 90,
        "Date": "2019-06-03 08:00"
    },
    {
        "Humidity": 85,
        "Date": "2019-06-03 09:00"
    },
    {
        "Humidity": 83,
        "Date": "2019-06-03 10:00"
    },
    {
        "Humidity":60,
        "Date": "2019-06-03 11:00"
    },
    {
        "Humidity": 65,
        "Date": "2019-06-03 12:00"
    },
    {
        "Humidity": 68,
        "Date": "2019-06-03 13:00"
    },
    {
        "Humidity": 60,
        "Date": "2019-06-03 14:00"
    },
    {
        "Humidity": 45,
        "Date": "2019-06-03 15:00"
    },
    {
        "Humidity": 47,
        "Date": "2019-06-03 16:00"
    },
    {
        "Humidity": 43,
        "Date": "2019-06-03 17:00"
    },
    {
        "Humidity": 56,
        "Date": "2019-06-03 18:00"
    },
    {
        "Humidity": 68,
        "Date": "2019-06-03 19:00"
    },
    {
        "Humidity": 67,
        "Date": "2019-06-03 20:00"
    },
    {
        "Humidity": 73,
        "Date": "2019-06-03 21:00"
    },
    {
        "Humidity": 78,
        "Date": "2019-06-03 22:00"
    },
    {
        "Humidity": 74,
        "Date": "2019-06-03 23:00"
    }
]