[
    {
        "Humidity": 70,
        "Date": "2019-05-31 00:00"
    },
    {
        "Humidity": 75,
        "Date": "2019-05-31 01:00"
    },
    {
        "Humidity": 75,
        "Date": "2019-05-31 02:00"
    },
    {
        "Humidity": 70,
        "Date": "2019-05-31 03:00"
    },
    {
        "Humidity": 73,
        "Date": "2019-05-31 04:00"
    },
    {
        "Humidity": 80,
        "Date": "2019-05-31 05:00"
    },
    {
        "Humidity": 78,
        "Date": "2019-05-31 06:00"
    },
    {
        "Humidity": 85,
        "Date": "2019-05-31 07:00"
    },
    {
        "Humidity": 90,
        "Date": "2019-05-31 08:00"
    },
    {
        "Humidity": 85,
        "Date": "2019-05-31 09:00"
    },
    {
        "Humidity": 83,
        "Date": "2019-05-31 10:00"
    },
    {
        "Humidity":60,
        "Date": "2019-05-31 11:00"
    },
    {
        "Humidity": 65,
        "Date": "2019-05-31 12:00"
    },
    {
        "Humidity": 68,
        "Date": "2019-05-31 13:00"
    },
    {
        "Humidity": 60,
        "Date": "2019-05-31 14:00"
    },
    {
        "Humidity": 45,
        "Date": "2019-05-31 15:00"
    },
    {
        "Humidity": 47,
        "Date": "2019-05-31 16:00"
    },
    {
        "Humidity": 43,
        "Date": "2019-05-31 17:00"
    },
    {
        "Humidity": 56,
        "Date": "2019-05-31 18:00"
    },
    {
        "Humidity": 68,
        "Date": "2019-05-31 19:00"
    },
    {
        "Humidity": 67,
        "Date": "2019-05-31 20:00"
    },
    {
        "Humidity": 73,
        "Date": "2019-05-31 21:00"
    },
    {
        "Humidity": 78,
        "Date": "2019-05-31 22:00"
    },
    {
        "Humidity": 74,
        "Date": "2019-05-31 23:00"
    }
]