[
    {
        "Humidity": 70,
        "Date": "2019-05-30 00:00"
    },
    {
        "Humidity": 75,
        "Date": "2019-05-30 01:00"
    },
    {
        "Humidity": 75,
        "Date": "2019-05-30 02:00"
    },
    {
        "Humidity": 70,
        "Date": "2019-05-30 03:00"
    },
    {
        "Humidity": 73,
        "Date": "2019-05-30 04:00"
    },
    {
        "Humidity": 80,
        "Date": "2019-05-30 05:00"
    },
    {
        "Humidity": 78,
        "Date": "2019-05-30 06:00"
    },
    {
        "Humidity": 85,
        "Date": "2019-05-30 07:00"
    },
    {
        "Humidity": 90,
        "Date": "2019-05-30 08:00"
    },
    {
        "Humidity": 85,
        "Date": "2019-05-30 09:00"
    },
    {
        "Humidity": 83,
        "Date": "2019-05-30 10:00"
    },
    {
        "Humidity":60,
        "Date": "2019-05-30 11:00"
    },
    {
        "Humidity": 65,
        "Date": "2019-05-30 12:00"
    },
    {
        "Humidity": 68,
        "Date": "2019-05-30 13:00"
    },
    {
        "Humidity": 60,
        "Date": "2019-05-30 14:00"
    },
    {
        "Humidity": 45,
        "Date": "2019-05-30 15:00"
    },
    {
        "Humidity": 47,
        "Date": "2019-05-30 16:00"
    },
    {
        "Humidity": 43,
        "Date": "2019-05-30 17:00"
    },
    {
        "Humidity": 56,
        "Date": "2019-05-30 18:00"
    },
    {
        "Humidity": 68,
        "Date": "2019-05-30 19:00"
    },
    {
        "Humidity": 67,
        "Date": "2019-05-30 20:00"
    },
    {
        "Humidity": 73,
        "Date": "2019-05-30 21:00"
    },
    {
        "Humidity": 78,
        "Date": "2019-05-30 22:00"
    },
    {
        "Humidity": 74,
        "Date": "2019-05-30 23:00"
    }
]